{
    "video_data": [
        {
            "video_url": "https://www.tiktok.com/@djsholz/video/7312066177889619233",
            "video_caption": "BREAKFAST IN LAGOS - THE MIXTAPE - OUT NOW‼️ - Bondage 🔒🔒🔒 #breakfastinlagos #traveltok #hiddengems #relationships #linkinbio ",
            "author_username": "djsholz"
        },
        {
            "video_url": "https://www.tiktok.com/@ferinajo/video/7311335991875325189",
            "video_caption": "Chasing waterfalls is still my favourite thing to do in Ghana #tiktoktravel #travelghana #chasingwaterfalls #waterfallsinghana #ghanatiktok #solotravel ",
            "author_username": "ferinajo"
        },
        {
            "video_url": "https://www.tiktok.com/@im_a.bigail/video/7293468715008544005",
            "video_caption": "Join our international or domestic trips. We offer private trips too. For more enquiries visit @transit.global on Instagram or contact +233-5323-33543. You can also email us on transiit.global@gmail.com  #tiktoker #travel #traveltiktok #traveltok #tourism #experience #aburi #quadbiking #waterfall #asenemawaterfalls #tprquadbikes #tprquadbiking #vlog #shawama #wrapsbyduce ",
            "author_username": "im_a.bigail"
        },
        {
            "video_url": "https://www.tiktok.com/@tasteofgh/video/7309815506020617478",
            "video_caption": "Not so blue but the view though 🤣🤣🤣🤣🤣. #ghanatiktok🇬🇭 #traveltok ",
            "author_username": "tasteofgh"
        },
        {
            "video_url": "https://www.tiktok.com/@abigaelfatoki/video/7309105866748202246",
            "video_caption": "Travel from lagos to los angeles with me 🤍 #VlogAdventure #TravelVlogLife #ExploreWithMe #VloggingJourney #WanderlustVlogs #VloggersOfTheWorld #TravelVlogMagic #JourneyInMotion #VloggersParadise #TravelVloggersUnite #VlogExploreRepeat #VloggersGlobe #WanderlustVlogging #VlogAdventureTime #TravelVlogDiary #VloggersEscape #ExploreVlogSeries #VloggingTheWorld #VlogLifeAdventures #TravelVlogDreams #VloggersDiscover #WanderlustVloggers #VlogVentures #TravelVlogQuest #VloggingExpedition #VloggersWanderlust #TravelVlogChronicles #VloggersEscapePlan #VloggersJourney #TravelVlogOdyssey #travel #traveltiktok #traveltok #travelvlog #travelwithme ",
            "author_username": "abigaelfatoki"
        },
        {
            "video_url": "https://www.tiktok.com/@msjummyo/video/7309296808155417862",
            "video_caption": "After almost 20 years I'm back in Nigeria for Detty December 🙌🏾🇳🇬 It feels so good to be home! Let me know if I should post a daily blog during my stay here #nigeria #nigeriantiktok🇳🇬 #traveltok #traveltiktok #travel #africantravel #dettydecember #lagosnigeria #nigeriantiktok #naija #naijatiktok #lagostiktok #travelvlog #dailytravelvlog ",
            "author_username": "msjummyo"
        },
        {
            "video_url": "https://www.tiktok.com/@torivickyyy/video/7307679885265210630",
            "video_caption": "2023 travel dump🧳 Greece 🛫  Soft Life or nothing 🤗 BELLA OKAEGBUE 🫶 #bigbella #shella #traveltok ",
            "author_username": "torivickyyy"
        },
        {
            "video_url": "https://www.tiktok.com/@soma_angel_somgel/video/7307540358194318598",
            "video_caption": "Good morning and a Happy New Month 4rm Angelito 💕 May this month bring lots of Joy & goodies in our lives 🙏❤️ #angel #angelsmith #bbnaija #bbnaijaallstars #bbnallstars #traveltok ",
            "author_username": "soma_angel_somgel"
        },
        {
            "video_url": "https://www.tiktok.com/@abujacitytourist/video/7286434370758446342",
            "video_caption": "I love parks. Millennium park is really beautiful. Its free access park in Abuja.  #abujapark #milleniumpark #abujanigeria #abujatiktokers #abujaplaces #nigeria #nigeriantiktok🇳🇬 #traveltok #travelnigeria ",
            "author_username": "abujacitytourist"
        },
        {
            "video_url": "https://www.tiktok.com/@juanleolife/video/7311831488167824645",
            "video_caption": "#TravelTok Escape the city for the quiet seaside village of Pringle Bay. No thinking, no rush; just relaxation #PringleBay #HiddenGem  #SmallTownCharm #juanleolife #africarising #levelupafrica  #CapeTownAdventures #EscapeTheCity #DiscoverSouthAfrica #pringlebayvacation #westerncapetravel ",
            "author_username": "juanleolife"
        },
        {
            "video_url": "https://www.tiktok.com/@lifewithmpilo/video/7308262915205876998",
            "video_caption": "Ho Chi Minh City was my first stop in Vietnam, i loved it 🥰 #travelwithmpilo #traveltiktok #southafricatiktok #solotravel #tiktoksouthafrica ",
            "author_username": "lifewithmpilo"
        },
        {
            "video_url": "https://www.tiktok.com/@siphokazimcaka/video/7304563589346643205",
            "video_caption": "POV: Conquer the trail, test your limits, and never miss an opportunity to embrace nature’s beauty! Lion’s Head, Cape Town 📍 #capetown #capetown #hikingsouthafrica #hikingadventures #lionshead #lionsheadhike #lionsheadmoutain #thisissouthafrica #hikinglove #hikinglovers #shein #hikingoutfit #outdoorliving #traveltok #sheinset #sheinsets #travelthrowback #travelthursday ",
            "author_username": "siphokazimcaka"
        },
        {
            "video_url": "https://www.tiktok.com/@xisesana/video/7306892791089581318",
            "video_caption": "My dream is to travel the world one day 🕯️. Heres some of the places ive been to this year. #SAMA28 #satiktok🇿🇦 #fypシ #traveltiktok #fypシ゚viral #trending #traveltok ",
            "author_username": "xisesana"
        },
        {
            "video_url": "https://www.tiktok.com/@nsalemane/video/7307713210700844293",
            "video_caption": "Follow me on a Cotton on trip to Mauritius 😍 #traveltok #mauritius #brandtrip #mzansitok #traveltiktok #fypsouthafrica #visitmauritius #mauritius🇲🇺 @Le Méridien Hotels #island #cooljobs #marketinggirlies #travelvlog  Cotton on is taking me to mauritius ",
            "author_username": "nsalemane"
        },
        {
            "video_url": "https://www.tiktok.com/@nsalemane/video/7308064669598616837",
            "video_caption": "DAY ONE of the cotton on trip to  Mauritius! I woke up feeling refreshed because the bed was teew  comfy 😭 @Le Méridien Hotels knows how to cater to it’s customers 😍 #traveltok #mauritius #brandtrip #mzansitok #fypsouthafrica #travelvlog #visitmauritius #girlsinmarketing #vlog #traveltiktok #islandgirl #mauritius🇲🇺 #cooljobs #dailyvlog  Cotton on is taking me to mauritius",
            "author_username": "nsalemane"
        },
        {
            "video_url": "https://www.tiktok.com/@gopharitravels/video/7305718929865952518",
            "video_caption": "From my drafts #answer to @sr_motsamai a bit awkward at the end 🙈😂 Why solo travel? This is how it started for me. I’m keen to hear why you solo travel or why you are interested in solo travel 🫶🏾 #solotravel #travel #traveltok #traveltiktok #solotraveller #blacktravel #melanintravel #femaletraveler #womansolotravel #expediapic #gophari #solotravelquestions ",
            "author_username": "gopharitravels"
        },
        {
            "video_url": "https://www.tiktok.com/@lekkeslaap/video/7307565392732491014",
            "video_caption": "Daar’s min dinge so lekke soos ’n glanskampervaring in die natuur! Elkeen van dié luukse tente gee jou die geleentheid om te kamp met al die gerieflikhede van die huis byderhand! --- There are few things as lovely as a glamping experience in nature! These luxury tents give you the opportunity to camp without having to leave all your creature comforts at home! Featured: - Simbavati River Lodge, Mpumalanga - Camp Oryx, Noordwes - Bundox Safari Lodge, Limpopo - West Coast Luxury Tents, Wes-Kaap - Muluwa Lodge, Mpumalanga - Zululand Lodge, KwaZulu-Natal - Idwala Le Ingwe Lodge, Gauteng - Zwartkloof Adventures Tented Camp, Limpopo #traveltiktok #lekkeslaap #traveltiktok #traveltok #tiktoksa #travelsouthafrica #lekketok #glamping #glampingsouthafrica",
            "author_username": "lekkeslaap"
        },
        {
            "video_url": "https://www.tiktok.com/@masaraditlatla/video/7307312338711940358",
            "video_caption": "#🇧🇼botswana #tiktoksouthafrica🇿🇦 #travelwithme #travelvlog #vlogger #contentcreator #SAMA28 #traveltok #travel #minivlog #makemefamous #fypシ゚viral ",
            "author_username": "masaraditlatla"
        },
        {
            "video_url": "https://www.tiktok.com/@darrinandmbali/video/7301695971547696390",
            "video_caption": "Big Bay beach is in Bloubergstrand. Roughly 30km north of Cape Town city centre, Big Bay is one of two Bloubergstrand beaches (the other is called Little Bay or Small Bay). This entire beach area falls within a Marine Nature Reserve and is renowned for diving delicacies like Cape rock lobster. We had delicious pizzas at the popular Blue Peter sundowner spot. #sundownerspots #sundownerspotscapetown #bigbaycapetown #bigbaybeach #thefarmhousehotel #bigbaybeachclubblouberg #thebluepeter #bloubergstrand #bloubergstrandbeach #wheretostay #westerncapetravel #coupletravel #coupletravelvlog #coupletravelvloggers #traveltipscapetown #capetowntravel #westerncapetravel #westerncapehiddengems #hiddengemssouthafrica #hiddengemscapetown #hiddengemsincapetown #paternostertips #wheretostayinwesterncape #westerncapehotel #abalonehotelvillas #abalonehotel #paternosterhotel #westcoastsouthafrica #southafricatravel #shotleftmzansi #mzansitravel #coupletravel #couplevlog #traveltok #southafricancouples #hiddengemhotels #travelbucketlist #capetowntiktok #capetownsouthafrica #travelhacks #uniqueplacestostay #hiddengemsincapetown ",
            "author_username": "darrinandmbali"
        },
        {
            "video_url": "https://www.tiktok.com/@pulengmoloi/video/7301365787644808453",
            "video_caption": "Beautiful Places to visit in Thailand #MayaBay #MayaBayBeach #PhiPhislands #blackgirltravel #traveltok #travelblog ",
            "author_username": "pulengmoloi"
        },
        {
            "video_url": "https://www.tiktok.com/@ilovenelz/video/7306484354895727877",
            "video_caption": "Simple and comfortable travel outfit #ilovenelz #travelfinds #traveltok #airportdiaries #aesthetic #cleantok #travel ",
            "author_username": "ilovenelz"
        },
        {
            "video_url": "https://www.tiktok.com/@adeolaariyo/video/7308418046459137286",
            "video_caption": "Take me back 😍 #alohaestates #mozambique #airbnb #blackgirlstravel #whitepearlresort #ocean  #traveltok #fyp ",
            "author_username": "adeolaariyo"
        },
        {
            "video_url": "https://www.tiktok.com/@nkhensirikhotso/video/7307856692316867846",
            "video_caption": "Kenton-on-Sea… When you find the most beautiful coastal towns in SA ☀️🏖️💚 Havent taken a roadtrip in a minute but the water was calling my name. What an incredible weekend #kentononsea #weekendgetaway #fyp #SAMA28 #travelsouthafrica #thingstodo #traveltok #coastalgetaway #beachgetaway #shotleftmzansi #easterncapegetaway #SAMA28 #earthyblackgirl #roadtripsouthafrica #tiktokmzansi #beachgetaway #solotravel #soloroadtrip ",
            "author_username": "nkhensirikhotso"
        },
        {
            "video_url": "https://www.tiktok.com/@colourfulsherri/video/7303572168477117701",
            "video_caption": "@ceresrailcompany has a steam train you can take from #CapeTown to #ElginRailwayMarket - there are several ticket types, but we paid R675p/p for the excursion. There are snacks and beverages available on the train ride. The Market has many food & craft goods vendors. Definitely makes for a fun day out with friends 🚂 #colourfulcreature #traveltok #tiktoksouthafrica #CapCut ",
            "author_username": "colourfulsherri"
        },
        {
            "video_url": "https://www.tiktok.com/@raz_xo/video/7306855698208509190",
            "video_caption": "Airport fit check ✈️ #airport #travel2023 #traveltok #fitcheck #xoxogossipgirl #foryoupage ",
            "author_username": "raz_xo"
        },
        {
            "video_url": "https://www.tiktok.com/@monnag97/video/7303582672863923462",
            "video_caption": "Zanzibar 🏝️🏝️ @Wynies  #travel #zanzibar #holiday #island #tiktok #tiktoksa #fyp #foryou #justmarried #loml #goodtimes #tropical #bestfriend #traveltiktok #traveltok #traveling #travelbucketlist #SAMA28 #habibi #zanzibartiktok #couple #couplegoals ",
            "author_username": "monnag97"
        },
        {
            "video_url": "https://www.tiktok.com/@cabin_fever_cpt/video/7304204552964689157",
            "video_caption": "Wanting to escape to the mountains? ⛰️Here are 5 of our top mountain stays👇 ⛰️Verloren Cabin, Breede Valley ⛰️Agama Cabin, Stellenbosch ⛰️Untether, Wellington  ⛰️Outpost Cabin, Tulbagh ⛰️Camp Canoe, Franschhoek #mountainviews #cabinfever #cabinlovers #capetownsouthafrica #traveltiktok #travelcouple #mountain #foryourpage #explorepage #traveltok #bucketlisttravel ",
            "author_username": "cabin_fever_cpt"
        },
        {
            "video_url": "https://www.tiktok.com/@luthovuso/video/7303958129862102278",
            "video_caption": "Experience a few highlights of my trip to the DRC 🇨🇩 #drc #kinshasa🇨🇩 #lubambashi #democraticrepublicofcongo #travel #traveltiktoker #traveltok #sheexplores ",
            "author_username": "luthovuso"
        },
        {
            "video_url": "https://www.tiktok.com/@nabeelahbaba/video/7303485402768346374",
            "video_caption": "Come with me to Mozambique 🇲🇿 #Mozambique #africa #travel #sanmartinho #sanmartinhobeachclub #southafricatiktok #nathaellabat #fyp #viral #trending #CapCut #music #sunset #traveltok ",
            "author_username": "nabeelahbaba"
        },
        {
            "video_url": "https://www.tiktok.com/@big6safaris/video/7301418196328877318",
            "video_caption": "Le Mirage is a luxury hotel serving up Game-of-Thrones-in-Namibia vibes. The outside is a fake castle and the inside is a fake Middle-Eastern-style courtyard oasis. I loved it because it was so random and weird, but our room was extremely hot and the internet was frustratingly terrible. (There were a few other minor annoyances, too.) I would recommend staying there, simply for the novelty of the place, but not during summer. #SAMA28 #namibia #namibiantiktoker🇳🇦❤️❤️❤️ #travel #toursix2 #traveling #traveler #fypシ #viral #viraltiktok #viralvideos #traveltips #fyl #travellife #bigsixtoursafaris #viralvideo #traveltok ",
            "author_username": "big6safaris"
        },
        {
            "video_url": "https://www.tiktok.com/@cookiegonzalez_/video/7289652956427865351",
            "video_caption": "I’ll be dragging my luggage to a cafe now, bye 🥲 #traveltok ",
            "author_username": "cookiegonzalez_"
        },
        {
            "video_url": "https://www.tiktok.com/@thejonnybrown/video/7357132212782828842",
            "video_caption": "#stitch with @Anya🪆explaining RUSSIA #traveltok #russia ",
            "author_username": "thejonnybrown"
        },
        {
            "video_url": "https://www.tiktok.com/@saltyluxe_/video/7198615065686445313",
            "video_caption": "Dreaming big on these bucketlist destinations for 2023! ✨ My friends keep asking where they should go this year & this is where I keep telling them 👇🏽 🏝️ French Polynesia: swim with whales, some of the best diving in the world, pristine lagoons & waterfalls. Don’t miss Moorea, Bora Bora & Rangiroa. 🐪 Oman: If you love Morocco you will LOVE Oman (plus you can skip all the tourist lines because Oman is still fairly untravelled). Oman’s architecture is out of this world, it’s so naturally beautiful I could cry(!!), the people are so welcoming & its easy (& safe) to do a road trip.  🌵 Mexico: Tacos, surfing, jungle vibes, happy humans, waterfalls, incredible food & pristine beaches. Although I love the East Coast (Tulum etc) I recommend trying to West Coast & including Todos Santos & Sayulita on your itinerary! 🐢 Seychelles: Giant tortoises, crazy blue water, tiny islands to explore & a tropical vibe like no other! 🦘Australia: Snorkel the Great Barrier Reef, eat the yummiest vegan food in Byron Bay, explore the Cape Le Grand National Park in Esperance, rent a boat & sail the Whitsundays & go island / waterfall hopping in Far North Queensland. One of the best countries in the entire world!! 🐠 Maldives: A water wonderland & ultimate heaven on earth. Tiny islands, world class snorkelling / diving & luxury resorts to rival the best in the world! #bucketlistadventures #2023travel #2023goals #traveltheworld #bucketlisttravel #beautifuldestinations #bucketlisters #liveyourpassion #travelgoal #travelthroughtheworld #traveltok ",
            "author_username": "saltyluxe_"
        },
        {
            "video_url": "https://www.tiktok.com/@steveyalo/video/7411570842527649032",
            "video_caption": "Pure genuine excitment 🤣  #hiking #birds #hikingadventures #traveltok #pnw #birdlovers #animalencounters #animalenthusiast #adventure ",
            "author_username": "steveyalo"
        },
        {
            "video_url": "https://www.tiktok.com/@victorias.way/video/7334472405605207342",
            "video_caption": "Do these simple things when checking into a new hotel. You never know what might happen🙏🏼 #hoteltips #hoteltrick #hotel #safety #LifeHack #besafe #kidnappedinhotel #hotelsafetytips #hotelsafetyhacks #hotelsafe #hotelsafehack #viral #viralvideo #pageforyou #Unlock #Unlockdoors #fyp #foryou #xyzba #trending #trend #traveladvice #advice #traveltok #becareful #becarefull",
            "author_username": "victorias.way"
        },
        {
            "video_url": "https://www.tiktok.com/@janniklsr/video/7365196583484312865",
            "video_caption": "ready for summer ⛱️ #fyp #traveltok #europetravel ",
            "author_username": "janniklsr"
        },
        {
            "video_url": "https://www.tiktok.com/@ddeirdreee/video/7353461699569044778",
            "video_caption": "New fear🔓 #fyp #foryou #fearofflying #doubledeckerplanes #emeritesairline #traveling #traveltok ",
            "author_username": "ddeirdreee"
        },
        {
            "video_url": "https://www.tiktok.com/@mtagbeauty/video/7385603542335229226",
            "video_caption": "Consider the inside of the flavor..Lemons are white inside, not bright yellow..same with pistachio. Bright colors are a sign of food additives rather than natural ingredients. #gelato #authentic #italia #italytravel #traveltok #foodinitaly #bestgelato #authenticitalianfood #italiandessert #travelfyp ",
            "author_username": "mtagbeauty"
        },
        {
            "video_url": "https://www.tiktok.com/@splishsplashsky/video/7314711925059816746",
            "video_caption": "This is the best travel pillow EVER & I never go on a trip without it #trtl #trtltravel #traveltiktok #travel #sleeping #plane #airportlife #airport #airplane #traveltok #sleepingonplanes #sleep #lifehacks #travelhacks ",
            "author_username": "splishsplashsky"
        },
        {
            "video_url": "https://www.tiktok.com/@epic.stays/video/7192300595095620906",
            "video_caption": "Behind the scenes of creating a flower bath for guests at📍The Ipian Villa in #Bali 🎥 @pramana_villas  #balitravel #balihotelguide #luxurystay #flowerbath #traveltok ",
            "author_username": "epic.stays"
        },
        {
            "video_url": "https://www.tiktok.com/@balancedbynarges/video/7342982468095528224",
            "video_caption": "Go travelling… you never know who you might ✨meet✨ #amalficoast #amalfi #positano #denzelwashington #italy #summer #amalficoast #traveltok #cheaptravel #celebrity #denzel #equalizer ",
            "author_username": "balancedbynarges"
        },
        {
            "video_url": "https://www.tiktok.com/@bradenjstanley/video/7323267359165205765",
            "video_caption": "Welcome onboard @Norwegian Cruise Line Viva, one of the most incredible cruise ships in the world 🛳️ #cruiseship #traveltok #traveltiktok ",
            "author_username": "bradenjstanley"
        }
    ]
}