{
    "author_data": [
        {
            "username": "djsholz",
            "follower_count": 2662,
            "following_count": 70,
            "like_count": 10100
        },
        {
            "username": "ferinajo",
            "follower_count": 13100,
            "following_count": 868,
            "like_count": 182200
        },
        {
            "username": "im_a.bigail",
            "follower_count": 170600,
            "following_count": 1205,
            "like_count": 1400000
        },
        {
            "username": "tasteofgh",
            "follower_count": 2674,
            "following_count": 283,
            "like_count": 57000
        },
        {
            "username": "abigaelfatoki",
            "follower_count": 3039,
            "following_count": 238,
            "like_count": 102700
        },
        {
            "username": "msjummyo",
            "follower_count": 1522,
            "following_count": 275,
            "like_count": 44400
        },
        {
            "username": "torivickyyy",
            "follower_count": 56300,
            "following_count": 11,
            "like_count": 1600000
        },
        {
            "username": "soma_angel_somgel",
            "follower_count": 136900,
            "following_count": 6,
            "like_count": 3600000
        },
        {
            "username": "abujacitytourist",
            "follower_count": 11100,
            "following_count": 385,
            "like_count": 105600
        },
        {
            "username": "juanleolife",
            "follower_count": 14900,
            "following_count": 1047,
            "like_count": 217000
        },
        {
            "username": "lifewithmpilo",
            "follower_count": 22100,
            "following_count": 675,
            "like_count": 257200
        },
        {
            "username": "siphokazimcaka",
            "follower_count": 9260,
            "following_count": 165,
            "like_count": 132700
        },
        {
            "username": "xisesana",
            "follower_count": 15300,
            "following_count": 1026,
            "like_count": 243800
        },
        {
            "username": "nsalemane",
            "follower_count": 9275,
            "following_count": 2622,
            "like_count": 151200
        },
        {
            "username": "nsalemane",
            "follower_count": 9275,
            "following_count": 2622,
            "like_count": 151200
        },
        {
            "username": "gopharitravels",
            "follower_count": 208100,
            "following_count": 651,
            "like_count": 2000000
        },
        {
            "username": "lekkeslaap",
            "follower_count": 77700,
            "following_count": 52,
            "like_count": 418800
        },
        {
            "username": "masaraditlatla",
            "follower_count": 19600,
            "following_count": 82,
            "like_count": 274100
        },
        {
            "username": "darrinandmbali",
            "follower_count": 6867,
            "following_count": 20,
            "like_count": 523100
        },
        {
            "username": "pulengmoloi",
            "follower_count": 3035,
            "following_count": 785,
            "like_count": 35300
        },
        {
            "username": "ilovenelz",
            "follower_count": 174100,
            "following_count": 287,
            "like_count": 1900000
        },
        {
            "username": "adeolaariyo",
            "follower_count": 9635,
            "following_count": 431,
            "like_count": 248100
        },
        {
            "username": "nkhensirikhotso",
            "follower_count": 11300,
            "following_count": 107,
            "like_count": 207400
        },
        {
            "username": "colourfulsherri",
            "follower_count": 1593,
            "following_count": 1680,
            "like_count": 47700
        },
        {
            "username": "raz_xo",
            "follower_count": 16300,
            "following_count": 152,
            "like_count": 462800
        },
        {
            "username": "monnag97",
            "follower_count": 728,
            "following_count": 302,
            "like_count": 6704
        },
        {
            "username": "cabin_fever_cpt",
            "follower_count": 99600,
            "following_count": 138,
            "like_count": 996300
        },
        {
            "username": "luthovuso",
            "follower_count": 417,
            "following_count": 179,
            "like_count": 4880
        },
        {
            "username": "nabeelahbaba",
            "follower_count": 593,
            "following_count": 48,
            "like_count": 5726
        },
        {
            "username": "big6safaris",
            "follower_count": 10400,
            "following_count": 9146,
            "like_count": 145700
        },
        {
            "username": "cookiegonzalez_",
            "follower_count": 2123,
            "following_count": 30,
            "like_count": 1200000
        },
        {
            "username": "thejonnybrown",
            "follower_count": 44300,
            "following_count": 500,
            "like_count": 4300000
        },
        {
            "username": "saltyluxe_",
            "follower_count": 269200,
            "following_count": 28,
            "like_count": 16000000
        },
        {
            "username": "steveyalo",
            "follower_count": 135900,
            "following_count": 388,
            "like_count": 3000000
        },
        {
            "username": "victorias.way",
            "follower_count": 471000,
            "following_count": 181,
            "like_count": 34900000
        },
        {
            "username": "janniklsr",
            "follower_count": 17800,
            "following_count": 228,
            "like_count": 6900000
        },
        {
            "username": "ddeirdreee",
            "follower_count": 4806,
            "following_count": 150,
            "like_count": 1300000
        },
        {
            "username": "mtagbeauty",
            "follower_count": 147000,
            "following_count": 1734,
            "like_count": 2500000
        },
        {
            "username": "splishsplashsky",
            "follower_count": 91600,
            "following_count": 757,
            "like_count": 42900000
        },
        {
            "username": "epic.stays",
            "follower_count": 962200,
            "following_count": 129,
            "like_count": 26700000
        },
        {
            "username": "balancedbynarges",
            "follower_count": 16300,
            "following_count": 1024,
            "like_count": 1100000
        },
        {
            "username": "bradenjstanley",
            "follower_count": 202900,
            "following_count": 140,
            "like_count": 9100000
        }
    ]
}