{
    "author_data": [
        {
            "username": "djsholz",
            "follower_count": 2662,
            "following_count": 70,
            "like_count": 10100
        },
        {
            "username": "ferinajo",
            "follower_count": 13100,
            "following_count": 868,
            "like_count": 182200
        },
        {
            "username": "im_a.bigail",
            "follower_count": 170600,
            "following_count": 1205,
            "like_count": 1400000
        },
        {
            "username": "tasteofgh",
            "follower_count": 2674,
            "following_count": 283,
            "like_count": 57000
        },
        {
            "username": "abigaelfatoki",
            "follower_count": 3039,
            "following_count": 238,
            "like_count": 102700
        },
        {
            "username": "msjummyo",
            "follower_count": 1522,
            "following_count": 275,
            "like_count": 44400
        },
        {
            "username": "torivickyyy",
            "follower_count": 56300,
            "following_count": 11,
            "like_count": 1600000
        },
        {
            "username": "soma_angel_somgel",
            "follower_count": 136900,
            "following_count": 6,
            "like_count": 3600000
        },
        {
            "username": "abujacitytourist",
            "follower_count": 11100,
            "following_count": 385,
            "like_count": 105600
        },
        {
            "username": "juanleolife",
            "follower_count": 14900,
            "following_count": 1047,
            "like_count": 217000
        },
        {
            "username": "lifewithmpilo",
            "follower_count": 22100,
            "following_count": 675,
            "like_count": 257200
        },
        {
            "username": "siphokazimcaka",
            "follower_count": 9260,
            "following_count": 165,
            "like_count": 132700
        },
        {
            "username": "xisesana",
            "follower_count": 15300,
            "following_count": 1026,
            "like_count": 243800
        },
        {
            "username": "nsalemane",
            "follower_count": 9275,
            "following_count": 2622,
            "like_count": 151200
        },
        {
            "username": "nsalemane",
            "follower_count": 9275,
            "following_count": 2622,
            "like_count": 151200
        },
        {
            "username": "gopharitravels",
            "follower_count": 208100,
            "following_count": 651,
            "like_count": 2000000
        },
        {
            "username": "lekkeslaap",
            "follower_count": 77700,
            "following_count": 52,
            "like_count": 418800
        },
        {
            "username": "masaraditlatla",
            "follower_count": 19600,
            "following_count": 82,
            "like_count": 274100
        },
        {
            "username": "darrinandmbali",
            "follower_count": 6867,
            "following_count": 20,
            "like_count": 523100
        },
        {
            "username": "pulengmoloi",
            "follower_count": 3035,
            "following_count": 785,
            "like_count": 35300
        },
        {
            "username": "ilovenelz",
            "follower_count": 174100,
            "following_count": 287,
            "like_count": 1900000
        },
        {
            "username": "adeolaariyo",
            "follower_count": 9635,
            "following_count": 431,
            "like_count": 248100
        },
        {
            "username": "nkhensirikhotso",
            "follower_count": 11300,
            "following_count": 107,
            "like_count": 207400
        },
        {
            "username": "colourfulsherri",
            "follower_count": 1593,
            "following_count": 1680,
            "like_count": 47700
        },
        {
            "username": "raz_xo",
            "follower_count": 16300,
            "following_count": 152,
            "like_count": 462800
        },
        {
            "username": "monnag97",
            "follower_count": 728,
            "following_count": 302,
            "like_count": 6704
        },
        {
            "username": "cabin_fever_cpt",
            "follower_count": 99600,
            "following_count": 138,
            "like_count": 996300
        },
        {
            "username": "luthovuso",
            "follower_count": 417,
            "following_count": 179,
            "like_count": 4880
        },
        {
            "username": "nabeelahbaba",
            "follower_count": 593,
            "following_count": 48,
            "like_count": 5726
        },
        {
            "username": "big6safaris",
            "follower_count": 10400,
            "following_count": 9146,
            "like_count": 145700
        },
        {
            "username": "cookiegonzalez_",
            "follower_count": 2123,
            "following_count": 30,
            "like_count": 1200000
        },
        {
            "username": "thejonnybrown",
            "follower_count": 44300,
            "following_count": 500,
            "like_count": 4300000
        },
        {
            "username": "saltyluxe_",
            "follower_count": 269200,
            "following_count": 28,
            "like_count": 16000000
        },
        {
            "username": "steveyalo",
            "follower_count": 135900,
            "following_count": 388,
            "like_count": 3000000
        },
        {
            "username": "victorias.way",
            "follower_count": 471000,
            "following_count": 181,
            "like_count": 34900000
        },
        {
            "username": "janniklsr",
            "follower_count": 17800,
            "following_count": 228,
            "like_count": 6900000
        },
        {
            "username": "ddeirdreee",
            "follower_count": 4806,
            "following_count": 150,
            "like_count": 1300000
        },
        {
            "username": "mtagbeauty",
            "follower_count": 147000,
            "following_count": 1734,
            "like_count": 2500000
        },
        {
            "username": "splishsplashsky",
            "follower_count": 91600,
            "following_count": 757,
            "like_count": 42900000
        },
        {
            "username": "epic.stays",
            "follower_count": 962200,
            "following_count": 129,
            "like_count": 26700000
        },
        {
            "username": "balancedbynarges",
            "follower_count": 16300,
            "following_count": 1024,
            "like_count": 1100000
        },
        {
            "username": "bradenjstanley",
            "follower_count": 202900,
            "following_count": 140,
            "like_count": 9100000
        },
        {
            "username": "sembalunlombok",
            "follower_count": 6021,
            "following_count": 8,
            "like_count": 1100000
        },
        {
            "username": "digital_zoo",
            "follower_count": 366900,
            "following_count": 14,
            "like_count": 15300000
        },
        {
            "username": "mddyelrck",
            "follower_count": 195100,
            "following_count": 37,
            "like_count": 11000000
        },
        {
            "username": "skiimage",
            "follower_count": 7235,
            "following_count": 25,
            "like_count": 1500000
        },
        {
            "username": "romania",
            "follower_count": 2300000,
            "following_count": 473,
            "like_count": 87600000
        },
        {
            "username": "witchynanners.adventures",
            "follower_count": 36000,
            "following_count": 134,
            "like_count": 1100000
        },
        {
            "username": "cam.xtt",
            "follower_count": 7773,
            "following_count": 202,
            "like_count": 960400
        },
        {
            "username": "yuan22ce",
            "follower_count": 5233,
            "following_count": 163,
            "like_count": 819200
        },
        {
            "username": "_gallivant_with_us",
            "follower_count": 12000,
            "following_count": 1826,
            "like_count": 820000
        },
        {
            "username": "paulgregnueve",
            "follower_count": 3405,
            "following_count": 778,
            "like_count": 682300
        },
        {
            "username": "mike_p____",
            "follower_count": 243300,
            "following_count": 39,
            "like_count": 23300000
        },
        {
            "username": "letsgetlosttravels",
            "follower_count": 2041,
            "following_count": 28,
            "like_count": 735700
        },
        {
            "username": "viagememdosedupla",
            "follower_count": 181500,
            "following_count": 0,
            "like_count": 11300000
        },
        {
            "username": "plasticgymrat",
            "follower_count": 619300,
            "following_count": 217,
            "like_count": 8700000
        },
        {
            "username": "girlwithapassport",
            "follower_count": 10900,
            "following_count": 271,
            "like_count": 1200000
        },
        {
            "username": "swisswoow",
            "follower_count": 237900,
            "following_count": 3,
            "like_count": 4000000
        },
        {
            "username": "b0rn2travel",
            "follower_count": 37600,
            "following_count": 206,
            "like_count": 2700000
        },
        {
            "username": "blancaperezt",
            "follower_count": 3338,
            "following_count": 930,
            "like_count": 1100000
        },
        {
            "username": "winedinenashville",
            "follower_count": 114400,
            "following_count": 335,
            "like_count": 3000000
        },
        {
            "username": "nyi.zola",
            "follower_count": 7603,
            "following_count": 28,
            "like_count": 630600
        },
        {
            "username": "travelmode.bh",
            "follower_count": 97800,
            "following_count": 14,
            "like_count": 692200
        },
        {
            "username": "mike_p____",
            "follower_count": 243300,
            "following_count": 39,
            "like_count": 23300000
        },
        {
            "username": "duetfriday",
            "follower_count": 1582,
            "following_count": 70,
            "like_count": 405300
        },
        {
            "username": "switzerland_explores",
            "follower_count": 195100,
            "following_count": 329,
            "like_count": 1900000
        },
        {
            "username": "travel_connoisseur",
            "follower_count": 42000,
            "following_count": 21,
            "like_count": 2500000
        },
        {
            "username": "rcdhugo",
            "follower_count": 3250,
            "following_count": 2272,
            "like_count": 347800
        },
        {
            "username": "geneefur",
            "follower_count": 27700,
            "following_count": 282,
            "like_count": 935300
        },
        {
            "username": "switzerland_explores",
            "follower_count": 195100,
            "following_count": 329,
            "like_count": 1900000
        },
        {
            "username": "girlwithapassport",
            "follower_count": 10900,
            "following_count": 271,
            "like_count": 1200000
        },
        {
            "username": "lisaabue",
            "follower_count": 3606,
            "following_count": 663,
            "like_count": 351100
        },
        {
            "username": "sembalunlombok",
            "follower_count": 6021,
            "following_count": 8,
            "like_count": 1100000
        },
        {
            "username": "digital_zoo",
            "follower_count": 366900,
            "following_count": 14,
            "like_count": 15300000
        },
        {
            "username": "mddyelrck",
            "follower_count": 195100,
            "following_count": 37,
            "like_count": 11000000
        },
        {
            "username": "skiimage",
            "follower_count": 7235,
            "following_count": 25,
            "like_count": 1500000
        },
        {
            "username": "romania",
            "follower_count": 2300000,
            "following_count": 473,
            "like_count": 87600000
        },
        {
            "username": "witchynanners.adventures",
            "follower_count": 36000,
            "following_count": 134,
            "like_count": 1100000
        },
        {
            "username": "cam.xtt",
            "follower_count": 7773,
            "following_count": 202,
            "like_count": 960400
        },
        {
            "username": "yuan22ce",
            "follower_count": 5233,
            "following_count": 163,
            "like_count": 819200
        },
        {
            "username": "_gallivant_with_us",
            "follower_count": 12000,
            "following_count": 1826,
            "like_count": 820000
        },
        {
            "username": "paulgregnueve",
            "follower_count": 3405,
            "following_count": 778,
            "like_count": 682300
        },
        {
            "username": "mike_p____",
            "follower_count": 243300,
            "following_count": 39,
            "like_count": 23300000
        },
        {
            "username": "letsgetlosttravels",
            "follower_count": 2041,
            "following_count": 28,
            "like_count": 735700
        },
        {
            "username": "viagememdosedupla",
            "follower_count": 181500,
            "following_count": 0,
            "like_count": 11300000
        },
        {
            "username": "plasticgymrat",
            "follower_count": 619300,
            "following_count": 217,
            "like_count": 8700000
        },
        {
            "username": "girlwithapassport",
            "follower_count": 10900,
            "following_count": 271,
            "like_count": 1200000
        },
        {
            "username": "swisswoow",
            "follower_count": 237900,
            "following_count": 3,
            "like_count": 4000000
        },
        {
            "username": "b0rn2travel",
            "follower_count": 37600,
            "following_count": 206,
            "like_count": 2700000
        },
        {
            "username": "blancaperezt",
            "follower_count": 3338,
            "following_count": 930,
            "like_count": 1100000
        },
        {
            "username": "winedinenashville",
            "follower_count": 114400,
            "following_count": 335,
            "like_count": 3000000
        },
        {
            "username": "nyi.zola",
            "follower_count": 7603,
            "following_count": 28,
            "like_count": 630600
        },
        {
            "username": "travelmode.bh",
            "follower_count": 97800,
            "following_count": 14,
            "like_count": 692200
        },
        {
            "username": "mike_p____",
            "follower_count": 243300,
            "following_count": 39,
            "like_count": 23300000
        },
        {
            "username": "duetfriday",
            "follower_count": 1582,
            "following_count": 70,
            "like_count": 405300
        },
        {
            "username": "switzerland_explores",
            "follower_count": 195100,
            "following_count": 329,
            "like_count": 1900000
        },
        {
            "username": "travel_connoisseur",
            "follower_count": 42000,
            "following_count": 21,
            "like_count": 2500000
        },
        {
            "username": "rcdhugo",
            "follower_count": 3250,
            "following_count": 2272,
            "like_count": 347800
        },
        {
            "username": "geneefur",
            "follower_count": 27700,
            "following_count": 282,
            "like_count": 935300
        },
        {
            "username": "switzerland_explores",
            "follower_count": 195100,
            "following_count": 329,
            "like_count": 1900000
        },
        {
            "username": "girlwithapassport",
            "follower_count": 10900,
            "following_count": 271,
            "like_count": 1200000
        },
        {
            "username": "lisaabue",
            "follower_count": 3606,
            "following_count": 663,
            "like_count": 351100
        },
        {
            "username": "svemirkas_reise",
            "follower_count": 156200,
            "following_count": 165,
            "like_count": 5900000
        },
        {
            "username": "romania",
            "follower_count": 2300000,
            "following_count": 473,
            "like_count": 87600000
        },
        {
            "username": "angiegrazziel",
            "follower_count": 1628,
            "following_count": 177,
            "like_count": 99200
        },
        {
            "username": "svemirkas_reise",
            "follower_count": 156200,
            "following_count": 165,
            "like_count": 5900000
        },
        {
            "username": "romania",
            "follower_count": 2300000,
            "following_count": 473,
            "like_count": 87600000
        },
        {
            "username": "angiegrazziel",
            "follower_count": 1628,
            "following_count": 177,
            "like_count": 99200
        }
    ]
}