{
    "video_data": [
        {
            "video_url": "https://www.tiktok.com/@djsholz/video/7312066177889619233",
            "video_caption": "BREAKFAST IN LAGOS - THE MIXTAPE - OUT NOW‼️ - Bondage 🔒🔒🔒 #breakfastinlagos #traveltok #hiddengems #relationships #linkinbio ",
            "author_username": "djsholz"
        },
        {
            "video_url": "https://www.tiktok.com/@ferinajo/video/7311335991875325189",
            "video_caption": "Chasing waterfalls is still my favourite thing to do in Ghana #tiktoktravel #travelghana #chasingwaterfalls #waterfallsinghana #ghanatiktok #solotravel ",
            "author_username": "ferinajo"
        },
        {
            "video_url": "https://www.tiktok.com/@im_a.bigail/video/7293468715008544005",
            "video_caption": "Join our international or domestic trips. We offer private trips too. For more enquiries visit @transit.global on Instagram or contact +233-5323-33543. You can also email us on transiit.global@gmail.com  #tiktoker #travel #traveltiktok #traveltok #tourism #experience #aburi #quadbiking #waterfall #asenemawaterfalls #tprquadbikes #tprquadbiking #vlog #shawama #wrapsbyduce ",
            "author_username": "im_a.bigail"
        },
        {
            "video_url": "https://www.tiktok.com/@tasteofgh/video/7309815506020617478",
            "video_caption": "Not so blue but the view though 🤣🤣🤣🤣🤣. #ghanatiktok🇬🇭 #traveltok ",
            "author_username": "tasteofgh"
        },
        {
            "video_url": "https://www.tiktok.com/@abigaelfatoki/video/7309105866748202246",
            "video_caption": "Travel from lagos to los angeles with me 🤍 #VlogAdventure #TravelVlogLife #ExploreWithMe #VloggingJourney #WanderlustVlogs #VloggersOfTheWorld #TravelVlogMagic #JourneyInMotion #VloggersParadise #TravelVloggersUnite #VlogExploreRepeat #VloggersGlobe #WanderlustVlogging #VlogAdventureTime #TravelVlogDiary #VloggersEscape #ExploreVlogSeries #VloggingTheWorld #VlogLifeAdventures #TravelVlogDreams #VloggersDiscover #WanderlustVloggers #VlogVentures #TravelVlogQuest #VloggingExpedition #VloggersWanderlust #TravelVlogChronicles #VloggersEscapePlan #VloggersJourney #TravelVlogOdyssey #travel #traveltiktok #traveltok #travelvlog #travelwithme ",
            "author_username": "abigaelfatoki"
        },
        {
            "video_url": "https://www.tiktok.com/@msjummyo/video/7309296808155417862",
            "video_caption": "After almost 20 years I'm back in Nigeria for Detty December 🙌🏾🇳🇬 It feels so good to be home! Let me know if I should post a daily blog during my stay here #nigeria #nigeriantiktok🇳🇬 #traveltok #traveltiktok #travel #africantravel #dettydecember #lagosnigeria #nigeriantiktok #naija #naijatiktok #lagostiktok #travelvlog #dailytravelvlog ",
            "author_username": "msjummyo"
        },
        {
            "video_url": "https://www.tiktok.com/@torivickyyy/video/7307679885265210630",
            "video_caption": "2023 travel dump🧳 Greece 🛫  Soft Life or nothing 🤗 BELLA OKAEGBUE 🫶 #bigbella #shella #traveltok ",
            "author_username": "torivickyyy"
        },
        {
            "video_url": "https://www.tiktok.com/@soma_angel_somgel/video/7307540358194318598",
            "video_caption": "Good morning and a Happy New Month 4rm Angelito 💕 May this month bring lots of Joy & goodies in our lives 🙏❤️ #angel #angelsmith #bbnaija #bbnaijaallstars #bbnallstars #traveltok ",
            "author_username": "soma_angel_somgel"
        },
        {
            "video_url": "https://www.tiktok.com/@abujacitytourist/video/7286434370758446342",
            "video_caption": "I love parks. Millennium park is really beautiful. Its free access park in Abuja.  #abujapark #milleniumpark #abujanigeria #abujatiktokers #abujaplaces #nigeria #nigeriantiktok🇳🇬 #traveltok #travelnigeria ",
            "author_username": "abujacitytourist"
        },
        {
            "video_url": "https://www.tiktok.com/@juanleolife/video/7311831488167824645",
            "video_caption": "#TravelTok Escape the city for the quiet seaside village of Pringle Bay. No thinking, no rush; just relaxation #PringleBay #HiddenGem  #SmallTownCharm #juanleolife #africarising #levelupafrica  #CapeTownAdventures #EscapeTheCity #DiscoverSouthAfrica #pringlebayvacation #westerncapetravel ",
            "author_username": "juanleolife"
        },
        {
            "video_url": "https://www.tiktok.com/@lifewithmpilo/video/7308262915205876998",
            "video_caption": "Ho Chi Minh City was my first stop in Vietnam, i loved it 🥰 #travelwithmpilo #traveltiktok #southafricatiktok #solotravel #tiktoksouthafrica ",
            "author_username": "lifewithmpilo"
        },
        {
            "video_url": "https://www.tiktok.com/@siphokazimcaka/video/7304563589346643205",
            "video_caption": "POV: Conquer the trail, test your limits, and never miss an opportunity to embrace nature’s beauty! Lion’s Head, Cape Town 📍 #capetown #capetown #hikingsouthafrica #hikingadventures #lionshead #lionsheadhike #lionsheadmoutain #thisissouthafrica #hikinglove #hikinglovers #shein #hikingoutfit #outdoorliving #traveltok #sheinset #sheinsets #travelthrowback #travelthursday ",
            "author_username": "siphokazimcaka"
        },
        {
            "video_url": "https://www.tiktok.com/@xisesana/video/7306892791089581318",
            "video_caption": "My dream is to travel the world one day 🕯️. Heres some of the places ive been to this year. #SAMA28 #satiktok🇿🇦 #fypシ #traveltiktok #fypシ゚viral #trending #traveltok ",
            "author_username": "xisesana"
        },
        {
            "video_url": "https://www.tiktok.com/@nsalemane/video/7307713210700844293",
            "video_caption": "Follow me on a Cotton on trip to Mauritius 😍 #traveltok #mauritius #brandtrip #mzansitok #traveltiktok #fypsouthafrica #visitmauritius #mauritius🇲🇺 @Le Méridien Hotels #island #cooljobs #marketinggirlies #travelvlog  Cotton on is taking me to mauritius ",
            "author_username": "nsalemane"
        },
        {
            "video_url": "https://www.tiktok.com/@nsalemane/video/7308064669598616837",
            "video_caption": "DAY ONE of the cotton on trip to  Mauritius! I woke up feeling refreshed because the bed was teew  comfy 😭 @Le Méridien Hotels knows how to cater to it’s customers 😍 #traveltok #mauritius #brandtrip #mzansitok #fypsouthafrica #travelvlog #visitmauritius #girlsinmarketing #vlog #traveltiktok #islandgirl #mauritius🇲🇺 #cooljobs #dailyvlog  Cotton on is taking me to mauritius",
            "author_username": "nsalemane"
        },
        {
            "video_url": "https://www.tiktok.com/@gopharitravels/video/7305718929865952518",
            "video_caption": "From my drafts #answer to @sr_motsamai a bit awkward at the end 🙈😂 Why solo travel? This is how it started for me. I’m keen to hear why you solo travel or why you are interested in solo travel 🫶🏾 #solotravel #travel #traveltok #traveltiktok #solotraveller #blacktravel #melanintravel #femaletraveler #womansolotravel #expediapic #gophari #solotravelquestions ",
            "author_username": "gopharitravels"
        },
        {
            "video_url": "https://www.tiktok.com/@lekkeslaap/video/7307565392732491014",
            "video_caption": "Daar’s min dinge so lekke soos ’n glanskampervaring in die natuur! Elkeen van dié luukse tente gee jou die geleentheid om te kamp met al die gerieflikhede van die huis byderhand! --- There are few things as lovely as a glamping experience in nature! These luxury tents give you the opportunity to camp without having to leave all your creature comforts at home! Featured: - Simbavati River Lodge, Mpumalanga - Camp Oryx, Noordwes - Bundox Safari Lodge, Limpopo - West Coast Luxury Tents, Wes-Kaap - Muluwa Lodge, Mpumalanga - Zululand Lodge, KwaZulu-Natal - Idwala Le Ingwe Lodge, Gauteng - Zwartkloof Adventures Tented Camp, Limpopo #traveltiktok #lekkeslaap #traveltiktok #traveltok #tiktoksa #travelsouthafrica #lekketok #glamping #glampingsouthafrica",
            "author_username": "lekkeslaap"
        },
        {
            "video_url": "https://www.tiktok.com/@masaraditlatla/video/7307312338711940358",
            "video_caption": "#🇧🇼botswana #tiktoksouthafrica🇿🇦 #travelwithme #travelvlog #vlogger #contentcreator #SAMA28 #traveltok #travel #minivlog #makemefamous #fypシ゚viral ",
            "author_username": "masaraditlatla"
        },
        {
            "video_url": "https://www.tiktok.com/@darrinandmbali/video/7301695971547696390",
            "video_caption": "Big Bay beach is in Bloubergstrand. Roughly 30km north of Cape Town city centre, Big Bay is one of two Bloubergstrand beaches (the other is called Little Bay or Small Bay). This entire beach area falls within a Marine Nature Reserve and is renowned for diving delicacies like Cape rock lobster. We had delicious pizzas at the popular Blue Peter sundowner spot. #sundownerspots #sundownerspotscapetown #bigbaycapetown #bigbaybeach #thefarmhousehotel #bigbaybeachclubblouberg #thebluepeter #bloubergstrand #bloubergstrandbeach #wheretostay #westerncapetravel #coupletravel #coupletravelvlog #coupletravelvloggers #traveltipscapetown #capetowntravel #westerncapetravel #westerncapehiddengems #hiddengemssouthafrica #hiddengemscapetown #hiddengemsincapetown #paternostertips #wheretostayinwesterncape #westerncapehotel #abalonehotelvillas #abalonehotel #paternosterhotel #westcoastsouthafrica #southafricatravel #shotleftmzansi #mzansitravel #coupletravel #couplevlog #traveltok #southafricancouples #hiddengemhotels #travelbucketlist #capetowntiktok #capetownsouthafrica #travelhacks #uniqueplacestostay #hiddengemsincapetown ",
            "author_username": "darrinandmbali"
        },
        {
            "video_url": "https://www.tiktok.com/@pulengmoloi/video/7301365787644808453",
            "video_caption": "Beautiful Places to visit in Thailand #MayaBay #MayaBayBeach #PhiPhislands #blackgirltravel #traveltok #travelblog ",
            "author_username": "pulengmoloi"
        },
        {
            "video_url": "https://www.tiktok.com/@ilovenelz/video/7306484354895727877",
            "video_caption": "Simple and comfortable travel outfit #ilovenelz #travelfinds #traveltok #airportdiaries #aesthetic #cleantok #travel ",
            "author_username": "ilovenelz"
        },
        {
            "video_url": "https://www.tiktok.com/@adeolaariyo/video/7308418046459137286",
            "video_caption": "Take me back 😍 #alohaestates #mozambique #airbnb #blackgirlstravel #whitepearlresort #ocean  #traveltok #fyp ",
            "author_username": "adeolaariyo"
        },
        {
            "video_url": "https://www.tiktok.com/@nkhensirikhotso/video/7307856692316867846",
            "video_caption": "Kenton-on-Sea… When you find the most beautiful coastal towns in SA ☀️🏖️💚 Havent taken a roadtrip in a minute but the water was calling my name. What an incredible weekend #kentononsea #weekendgetaway #fyp #SAMA28 #travelsouthafrica #thingstodo #traveltok #coastalgetaway #beachgetaway #shotleftmzansi #easterncapegetaway #SAMA28 #earthyblackgirl #roadtripsouthafrica #tiktokmzansi #beachgetaway #solotravel #soloroadtrip ",
            "author_username": "nkhensirikhotso"
        },
        {
            "video_url": "https://www.tiktok.com/@colourfulsherri/video/7303572168477117701",
            "video_caption": "@ceresrailcompany has a steam train you can take from #CapeTown to #ElginRailwayMarket - there are several ticket types, but we paid R675p/p for the excursion. There are snacks and beverages available on the train ride. The Market has many food & craft goods vendors. Definitely makes for a fun day out with friends 🚂 #colourfulcreature #traveltok #tiktoksouthafrica #CapCut ",
            "author_username": "colourfulsherri"
        },
        {
            "video_url": "https://www.tiktok.com/@raz_xo/video/7306855698208509190",
            "video_caption": "Airport fit check ✈️ #airport #travel2023 #traveltok #fitcheck #xoxogossipgirl #foryoupage ",
            "author_username": "raz_xo"
        },
        {
            "video_url": "https://www.tiktok.com/@monnag97/video/7303582672863923462",
            "video_caption": "Zanzibar 🏝️🏝️ @Wynies  #travel #zanzibar #holiday #island #tiktok #tiktoksa #fyp #foryou #justmarried #loml #goodtimes #tropical #bestfriend #traveltiktok #traveltok #traveling #travelbucketlist #SAMA28 #habibi #zanzibartiktok #couple #couplegoals ",
            "author_username": "monnag97"
        },
        {
            "video_url": "https://www.tiktok.com/@cabin_fever_cpt/video/7304204552964689157",
            "video_caption": "Wanting to escape to the mountains? ⛰️Here are 5 of our top mountain stays👇 ⛰️Verloren Cabin, Breede Valley ⛰️Agama Cabin, Stellenbosch ⛰️Untether, Wellington  ⛰️Outpost Cabin, Tulbagh ⛰️Camp Canoe, Franschhoek #mountainviews #cabinfever #cabinlovers #capetownsouthafrica #traveltiktok #travelcouple #mountain #foryourpage #explorepage #traveltok #bucketlisttravel ",
            "author_username": "cabin_fever_cpt"
        },
        {
            "video_url": "https://www.tiktok.com/@luthovuso/video/7303958129862102278",
            "video_caption": "Experience a few highlights of my trip to the DRC 🇨🇩 #drc #kinshasa🇨🇩 #lubambashi #democraticrepublicofcongo #travel #traveltiktoker #traveltok #sheexplores ",
            "author_username": "luthovuso"
        },
        {
            "video_url": "https://www.tiktok.com/@nabeelahbaba/video/7303485402768346374",
            "video_caption": "Come with me to Mozambique 🇲🇿 #Mozambique #africa #travel #sanmartinho #sanmartinhobeachclub #southafricatiktok #nathaellabat #fyp #viral #trending #CapCut #music #sunset #traveltok ",
            "author_username": "nabeelahbaba"
        },
        {
            "video_url": "https://www.tiktok.com/@big6safaris/video/7301418196328877318",
            "video_caption": "Le Mirage is a luxury hotel serving up Game-of-Thrones-in-Namibia vibes. The outside is a fake castle and the inside is a fake Middle-Eastern-style courtyard oasis. I loved it because it was so random and weird, but our room was extremely hot and the internet was frustratingly terrible. (There were a few other minor annoyances, too.) I would recommend staying there, simply for the novelty of the place, but not during summer. #SAMA28 #namibia #namibiantiktoker🇳🇦❤️❤️❤️ #travel #toursix2 #traveling #traveler #fypシ #viral #viraltiktok #viralvideos #traveltips #fyl #travellife #bigsixtoursafaris #viralvideo #traveltok ",
            "author_username": "big6safaris"
        },
        {
            "video_url": "https://www.tiktok.com/@cookiegonzalez_/video/7289652956427865351",
            "video_caption": "I’ll be dragging my luggage to a cafe now, bye 🥲 #traveltok ",
            "author_username": "cookiegonzalez_"
        },
        {
            "video_url": "https://www.tiktok.com/@thejonnybrown/video/7357132212782828842",
            "video_caption": "#stitch with @Anya🪆explaining RUSSIA #traveltok #russia ",
            "author_username": "thejonnybrown"
        },
        {
            "video_url": "https://www.tiktok.com/@saltyluxe_/video/7198615065686445313",
            "video_caption": "Dreaming big on these bucketlist destinations for 2023! ✨ My friends keep asking where they should go this year & this is where I keep telling them 👇🏽 🏝️ French Polynesia: swim with whales, some of the best diving in the world, pristine lagoons & waterfalls. Don’t miss Moorea, Bora Bora & Rangiroa. 🐪 Oman: If you love Morocco you will LOVE Oman (plus you can skip all the tourist lines because Oman is still fairly untravelled). Oman’s architecture is out of this world, it’s so naturally beautiful I could cry(!!), the people are so welcoming & its easy (& safe) to do a road trip.  🌵 Mexico: Tacos, surfing, jungle vibes, happy humans, waterfalls, incredible food & pristine beaches. Although I love the East Coast (Tulum etc) I recommend trying to West Coast & including Todos Santos & Sayulita on your itinerary! 🐢 Seychelles: Giant tortoises, crazy blue water, tiny islands to explore & a tropical vibe like no other! 🦘Australia: Snorkel the Great Barrier Reef, eat the yummiest vegan food in Byron Bay, explore the Cape Le Grand National Park in Esperance, rent a boat & sail the Whitsundays & go island / waterfall hopping in Far North Queensland. One of the best countries in the entire world!! 🐠 Maldives: A water wonderland & ultimate heaven on earth. Tiny islands, world class snorkelling / diving & luxury resorts to rival the best in the world! #bucketlistadventures #2023travel #2023goals #traveltheworld #bucketlisttravel #beautifuldestinations #bucketlisters #liveyourpassion #travelgoal #travelthroughtheworld #traveltok ",
            "author_username": "saltyluxe_"
        },
        {
            "video_url": "https://www.tiktok.com/@steveyalo/video/7411570842527649032",
            "video_caption": "Pure genuine excitment 🤣  #hiking #birds #hikingadventures #traveltok #pnw #birdlovers #animalencounters #animalenthusiast #adventure ",
            "author_username": "steveyalo"
        },
        {
            "video_url": "https://www.tiktok.com/@victorias.way/video/7334472405605207342",
            "video_caption": "Do these simple things when checking into a new hotel. You never know what might happen🙏🏼 #hoteltips #hoteltrick #hotel #safety #LifeHack #besafe #kidnappedinhotel #hotelsafetytips #hotelsafetyhacks #hotelsafe #hotelsafehack #viral #viralvideo #pageforyou #Unlock #Unlockdoors #fyp #foryou #xyzba #trending #trend #traveladvice #advice #traveltok #becareful #becarefull",
            "author_username": "victorias.way"
        },
        {
            "video_url": "https://www.tiktok.com/@janniklsr/video/7365196583484312865",
            "video_caption": "ready for summer ⛱️ #fyp #traveltok #europetravel ",
            "author_username": "janniklsr"
        },
        {
            "video_url": "https://www.tiktok.com/@ddeirdreee/video/7353461699569044778",
            "video_caption": "New fear🔓 #fyp #foryou #fearofflying #doubledeckerplanes #emeritesairline #traveling #traveltok ",
            "author_username": "ddeirdreee"
        },
        {
            "video_url": "https://www.tiktok.com/@mtagbeauty/video/7385603542335229226",
            "video_caption": "Consider the inside of the flavor..Lemons are white inside, not bright yellow..same with pistachio. Bright colors are a sign of food additives rather than natural ingredients. #gelato #authentic #italia #italytravel #traveltok #foodinitaly #bestgelato #authenticitalianfood #italiandessert #travelfyp ",
            "author_username": "mtagbeauty"
        },
        {
            "video_url": "https://www.tiktok.com/@splishsplashsky/video/7314711925059816746",
            "video_caption": "This is the best travel pillow EVER & I never go on a trip without it #trtl #trtltravel #traveltiktok #travel #sleeping #plane #airportlife #airport #airplane #traveltok #sleepingonplanes #sleep #lifehacks #travelhacks ",
            "author_username": "splishsplashsky"
        },
        {
            "video_url": "https://www.tiktok.com/@epic.stays/video/7192300595095620906",
            "video_caption": "Behind the scenes of creating a flower bath for guests at📍The Ipian Villa in #Bali 🎥 @pramana_villas  #balitravel #balihotelguide #luxurystay #flowerbath #traveltok ",
            "author_username": "epic.stays"
        },
        {
            "video_url": "https://www.tiktok.com/@balancedbynarges/video/7342982468095528224",
            "video_caption": "Go travelling… you never know who you might ✨meet✨ #amalficoast #amalfi #positano #denzelwashington #italy #summer #amalficoast #traveltok #cheaptravel #celebrity #denzel #equalizer ",
            "author_username": "balancedbynarges"
        },
        {
            "video_url": "https://www.tiktok.com/@bradenjstanley/video/7323267359165205765",
            "video_caption": "Welcome onboard @Norwegian Cruise Line Viva, one of the most incredible cruise ships in the world 🛳️ #cruiseship #traveltok #traveltiktok ",
            "author_username": "bradenjstanley"
        },
        {
            "video_url": "https://www.tiktok.com/@sembalunlombok/video/7199666207736352026",
            "video_caption": "Rinjani Bertopi lagi 🥰🥰🥰🥰 #foryoupage #fyp #r #rinjani #lombok #indonesiakaya #diindonesiasaja  #sembalun #tiktoktravel #wanderlust #travel #fsanguilla #travelcouple #luxurytravel #aestheticvibes #ExploreLombok #sembalunlombok #GunungRinjani #RinjaniMountain ",
            "author_username": "sembalunlombok"
        },
        {
            "video_url": "https://www.tiktok.com/@digital_zoo/video/7193304714526739755",
            "video_caption": "Petra, Jordan  #petra #jordan #travel #petrajordan #visitjordan #travelphotography #jordania #wadirum #amman #desert #travelgram #giordania #wanderlust #instatravel #photography #ubaya #love #travelblogger #shareyourjordan #cerveja #unair #middleeast #ig #visitpetra #traveljordan #deadsea #jordanie #photooftheday #unesa #its",
            "author_username": "digital_zoo"
        },
        {
            "video_url": "https://www.tiktok.com/@mddyelrck/video/7237675316620168454",
            "video_caption": "Here is another video of the candle ice since everyone loved it so much #travel #foryou #nature #wanderlust #mountains #hiking #canada #banff #alberta #morainelake #canoe #ice #candleice #candlestickice #peaks ",
            "author_username": "mddyelrck"
        },
        {
            "video_url": "https://www.tiktok.com/@skiimage/video/7416647439370816801",
            "video_caption": "When life feels like a dream, part II 📍 Old Town, Prague, Czech Republic #Foryou #FYP #Viral #Aesthetic #Cinematic #DreamyVibes #TravelGoals #Snowfall #WinterVibes #TravelInspiration #BeautifulDestinations #ExploreTheWorld #Vibes #CityScape #Wanderlust #TravelVideo #Visuals #Prague #CzechRepublic #dreamy",
            "author_username": "skiimage"
        },
        {
            "video_url": "https://www.tiktok.com/@romania/video/7351152175386578209",
            "video_caption": "Could you do it? 90 years old and still making the youngsters look like amateurs. In a tucked-away corner of Romania, where time seemed to have frozen in a poignant dance with tradition, I stumbled upon a living testament to the indomitable spirit of life. A grandma, a matriarch in the heart of her village, carving poetry with a scythe in her “batatura,” the courtyard that cradled generations of stories. This wasn’t just about cutting grass; it was an ode to survival etched in every swing of the weathered scythe. An elderly woman, a silhouette against the backdrop of rolling hills and rustic charm, maneuvering a tool almost as ancient as her. The rhythmic cadence of the blade carving through the grass sang a ballad of resilience that transcended the boundaries of time. It was as if the scythe itself held the secrets of a thousand lifetimes, whispered through the hands of those who had faced hardship head-on. In the heart of Romanian villages, where the air is heavy with the tales of survival and shared history, the elders cultivate more than just crops. Our grandma, with her face etched in lines of laughter and wisdom, was a guardian of a fading dialect – the language of resilience, of grit. The scythe, a silent protagonist in this tale, became a bridge connecting the elderly to the present, a tool passed down like an heirloom, carrying the weight of memories in its worn blade.  As she honed that blade with a special stone and cleaned it with freshly cut grass, it wasn’t just about maintaining a tool; it was a ritual, a communion with a way of life that had weathered storms and stood resilient against the test of time. Video by @smulteamiron [Visit Romania, Explore Romania, Old village woman, Scythe, Grass cutting, Yard work, Stone sharpening, Traditional tools, Rural life, Agricultural tasks, Manual labor, Homestead, Elderly woman, Handcrafted tools, Grass maintenance, Sharpening stone, Village lifestyle, Sustenance farming, Outdoor chores, Time-honored practices, Rural community, Harvesting traditions] #Travel #InstaTravel #TravelGram #Wanderlust #Traveling #romania",
            "author_username": "romania"
        },
        {
            "video_url": "https://www.tiktok.com/@witchynanners.adventures/video/7221401421961415982",
            "video_caption": "It’s La Push baby ✨🌧️🏔️🌲🍂🌊✨ #pnw #pnwlife #pnwonderland #pnwadventures #pnwcheck #pnwgirl #pnwcoast #lapush #naturelover #washingtonexplored #adventuretime #wanderlust #witchynanners #fyp ",
            "author_username": "witchynanners.adventures"
        },
        {
            "video_url": "https://www.tiktok.com/@cam.xtt/video/7388861279454186784",
            "video_caption": "Europe's Biggest Waterfall 🇨🇭 . . . . . . . . . #schaffhausen #rheinfall #schweiz #nature #wasserfall #waterfall #switzerland #aesthetic #foryou #view #bucketlist #adventure #getaway #travelinspiration #traveltips #travel #vacation #traveltiktok #view #travel #fyp #viaje #suiza #cascadas  #explore #wanderlust #🇨🇭#summer #germany #viral #viralvideo #hiking",
            "author_username": "cam.xtt"
        },
        {
            "video_url": "https://www.tiktok.com/@yuan22ce/video/7416419980540906769",
            "video_caption": "Parang ibang radio station ata napakinggan ko ah. 😅✌🏻 #yuanventures #mapanuepelake #camping #wanderlust ",
            "author_username": "yuan22ce"
        },
        {
            "video_url": "https://www.tiktok.com/@_gallivant_with_us/video/7357069456306212128",
            "video_caption": "📍Bridgetown, Barbados 🇧🇧  #horses #beach #rainbow #sunrise #travel  #traveltiktok #wanderlust #holiday",
            "author_username": "_gallivant_with_us"
        },
        {
            "video_url": "https://www.tiktok.com/@paulgregnueve/video/7407656297744600340",
            "video_caption": "Laban mga ate and kuya ko, for the trend and for the tiktok 😂❤️  #fyp #Taipei101 #Taiwan #Skyscraper #Cityscape #Taipei #TravelTaiwan #IconicLandmark #ExploreTaiwan #Wanderlust #TravelAsia ",
            "author_username": "paulgregnueve"
        },
        {
            "video_url": "https://www.tiktok.com/@mike_p____/video/7400762043940244742",
            "video_caption": "📍Seealpsee, Switzerland 🇨🇭  • • 🎥:pereganya_mike • • •  #switzerland #explore #photography #mountains #nature #outdoors #hiking #backpacking #iphone #fyp#adventure #travel #gorpcore #explorepage #foryou #switzerland #mountains #schweiz #swissalps #myswitzerland #nature #inlovewithswitzerland #hiking #swiss #alps#wanderlust #visitswitzerland #travel #jungfrauregion#suisse #landscape #reels #goodmorning",
            "author_username": "mike_p____"
        },
        {
            "video_url": "https://www.tiktok.com/@letsgetlosttravels/video/7306958537580645664",
            "video_caption": "🤞🏻🤞🏻🇧🇷 #brazil #manifestandobrasil #brazil🇧🇷 #brasil🇧🇷 #bucketlisttravel #bucketlist2024 #traveltiktok #traveltok #wanderlust #traveladdict #travelbucketlist #traveltips #riodejaneiro #riodejaneirobrasil ",
            "author_username": "letsgetlosttravels"
        },
        {
            "video_url": "https://www.tiktok.com/@viagememdosedupla/video/7271426912382209286",
            "video_caption": "FRUTINHA DO CEDRIC NA ÁREA 🤤🚨🔔 Você aí de casa, gosta de comer amora ?  #viagem #turismo #travel #viajar #trip #ferias #natureza #viajarfazbem #viagens #amoviajar #nature #viagemeturismo #instatravel  #tbt #love #fotografia #instagood #turistando #travelgram #travelphotography #viagemdossonhos  #aventura #viajando #wanderlust #photooftheday  #europa #paris #londres #madrid #cedricgrolet ",
            "author_username": "viagememdosedupla"
        },
        {
            "video_url": "https://www.tiktok.com/@plasticgymrat/video/7343716934208277802",
            "video_caption": "I was actually not expecting him to do all that so i was clueless what to do 🤣 Jun from ARCEO Travel & Tours MADE my day 🥹 #Philippines #TourGuide #FilipinoTourGuides #Palawan #CoronPalawan #ElNido #IslandHopping #Travel #Wanderlust #TravelBlog #Comedy #Funny #Viral ",
            "author_username": "plasticgymrat"
        },
        {
            "video_url": "https://www.tiktok.com/@girlwithapassport/video/7386445410291715358",
            "video_caption": "Most of the time, people are respectful and kind, but there are moments when others pull me around and touch me without asking. I understand it comes from excitement, but it’s exhausting always feeling like an outsider and having to demand basic respect. 😩 • • • #solotravel #travel #asia #southeastasia #vietnam  #solotraveler #solofemaletraveler #blackinvietnam  #travellife #backpacking #fulltimetravel #americanabroad #americantraveler #travelhacks #budgettravel #travelguide #hostellife #travelreels #foodtravel #traveladdicted #travelmore #wanderlust #foodie #explore #city #travelblogger #digitalnomad #contentcreator #itinerary",
            "author_username": "girlwithapassport"
        },
        {
            "video_url": "https://www.tiktok.com/@swisswoow/video/7361777199805975841",
            "video_caption": "‪Switzerland in 2023 🌿🌱 Follow for daily Swiss Content🇨🇭 📌 Save this for your (next) trip to Switzerland 🇨🇭 🎥 by: @swisswoow  #berneroberland #switzerland #mountains #schweiz #swissalps #myswitzerland #nature #inlovewithswitzerland #gimmelwald #swiss #alps #wanderlust #visitswitzerland #travel #jungfrauregion #suisse #landscape #summer #jungfrauregion #naturephotography #blickheimat #grindelwald #lauterbrunnen #interlaken #winterwonderland #switzerlandpictures #swissmountains #switzerlandwonderland #winter #photography #appenzell",
            "author_username": "swisswoow"
        },
        {
            "video_url": "https://www.tiktok.com/@b0rn2travel/video/7359048259538570501",
            "video_caption": "Hermoso!!  #parati #viaje #viajes #landscape #peru #wanderlust ",
            "author_username": "b0rn2travel"
        },
        {
            "video_url": "https://www.tiktok.com/@blancaperezt/video/7295614796978785569",
            "video_caption": "my house in Australia is a zoo 🫠🎪🎟️🦃🐓🦘🦀🐜🪳🦟🦗🪲🪰🕷️🦉🦉🐦‍⬛🦆🦦🦫🦡🐀🦨🐁🦥🦝🦜🦩🕊️🦎🐍🐢 #backpackingaustralia #australia #travelaustralia #seeaustralia #travel #australiagram #backpacking #exploreaustralia #wanderlust #adventure #backpackinglife #backpackingadventures #backpacker #travelphotography #backpackingeurope #backpackingasia #travelaus #travelgram #backpackaustralia #discoveraustralia #thisisaustralia #backpackingdream #queensland #backpackingtrip #roadtrip #australianadventure #visitaustralia #backpackeraustralia #toursaustralia #takemetoaustralia ",
            "author_username": "blancaperezt"
        },
        {
            "video_url": "https://www.tiktok.com/@winedinenashville/video/7376076233240481066",
            "video_caption": "What am I missing?! #ireland #dublin #dublinireland #cultureshock #cultureshocks #travel #traveltok #travellife #travelbucketlist #wanderlust #eurotrip #europeansummer #irelandtravel ",
            "author_username": "winedinenashville"
        },
        {
            "video_url": "https://www.tiktok.com/@nyi.zola/video/7394915756955290913",
            "video_caption": "Faut arrêter la Blacksherry la🤣#zola #manger #nyizola #binkszola #zolabeille #showcase #wanderlust ",
            "author_username": "nyi.zola"
        },
        {
            "video_url": "https://www.tiktok.com/@travelmode.bh/video/7220577970040098049",
            "video_caption": "‎📍 جمال الريف في قرية يوري - سويسرا 🇨🇭 Taken by 🎥 @marcoxmarques  #انترلاكن ، #سويسرا #الصيف  #الخريف  #سفر #رحلات #سياحة #طبيعة  ‏#travel #travelphotography #tiktok #travelphotography #blausee #bern #wasserfall #waterfall #switzerland #schweiz #nature #rheinfall #naturephotography #wasser #landscape #natur #water #travel #mountains #swiss #photography #suisse #schaffhausen #wandern #photooftheday #hiking #naturelovers #visitswitzerland #landscapephotography #myswitzerland #wanderlust #berge #rhein #river #berneroberland #inlovewithswitzerland ",
            "author_username": "travelmode.bh"
        },
        {
            "video_url": "https://www.tiktok.com/@mike_p____/video/7402212738715389190",
            "video_caption": "📍Oeschinensee, Switzerland 🇨🇭  • • 🎥:pereganya_mike • • •  #switzerland #explore #photography #mountains #nature #outdoors #hiking #backpacking #iphone #fyp#adventure #travel #gorpcore #explorepage #foryou #switzerland #mountains #schweiz #swissalps #myswitzerland #nature #inlovewithswitzerland #hiking #swiss #alps#wanderlust #visitswitzerland #travel #jungfrauregion#suisse #landscape #reels ",
            "author_username": "mike_p____"
        },
        {
            "video_url": "https://www.tiktok.com/@duetfriday/video/7208303819967483142",
            "video_caption": "Trevi Fountain cleaning. #rome #trevifountain #trevifountainrome #rometrevifountain #trevifountainproposal #trevifountain🇮🇹 #trevifountainrome🇮🇹 #trevi #fontanaditrevi #romefountain #rometravel #romephotographer #romevideos #romanholiday #italytravel #romantis #italytiktok #romewedding #romeweddingphotographer #fontanaditrevi #rometiktok #romacentro #romehistory #exploreitaly #wanderlust #italianplaces #travelplan ",
            "author_username": "duetfriday"
        },
        {
            "video_url": "https://www.tiktok.com/@switzerland_explores/video/7294216065775668486",
            "video_caption": "• 📍Switzerland🇨🇭🏡☘️❤️ #berneroberland #switzerland #mountains #schweiz #swissalps #myswitzerland #nature #inlovewithswitzerland #hiking #swiss #alps #wanderlust #visitswitzerland #travel #jungfrauregion #suisse #landscape  #thunersee #naturephotography #relaxing #arindelwald #lauterbrunnen #interlaken #lake #switzerlandpictures #swissmountains #switzerlandwonderland #switzerland_vacations #potography",
            "author_username": "switzerland_explores"
        },
        {
            "video_url": "https://www.tiktok.com/@travel_connoisseur/video/7314508803859418400",
            "video_caption": "Farsha cafe📍 - - #farsha #farshacafe #sharmelsheikh #naamabay #sohosquare #sharmelsheik #sharmelsheik2024 #sharm #sharmelsheikhhotel #fyp #travel #explore #wanderlust #wanderer #wander #wanderergenshinimpact #traveltiktok #travellife #traveltips #bucketlist #travelbucketlist #travelvlog #traveldiaries #travelmiddleeast  #CapCut ",
            "author_username": "travel_connoisseur"
        },
        {
            "video_url": "https://www.tiktok.com/@rcdhugo/video/7343102027947445537",
            "video_caption": "📍Two People Bay, Australia 🇦🇺  #travel #nature #travelphotography #photography #love #photooftheday #instagood #travelgram #picoftheday #instagram #beautiful #photo #wanderlust #naturephotography #adventure #art #travelblogger #instatravel #landscape #like #summer #explore #trip #vacation #follow #traveling #ig #bhfyp #happy #fashion #travelling #beach #sunset #photographer #holiday #style #instadaily #traveltheworld  #mountains #life #lifestyle #italy #sea #beauty #model #tourism #likeforlikes #traveler #europe #architecture #sky #smile #instalike #me #traveller  #naturelovers #a #landscapephotography #pourtoi #australia ",
            "author_username": "rcdhugo"
        },
        {
            "video_url": "https://www.tiktok.com/@geneefur/video/7351880077174459691",
            "video_caption": "Nor do they have passports. Bye, stinks  @k.hipp #icks #exboyfriend #idgaf #boybye #lmaoooo #embarassing #girlhood #bestie #wanderlust #travelgirl #traveler ",
            "author_username": "geneefur"
        },
        {
            "video_url": "https://www.tiktok.com/@switzerland_explores/video/7266896486342987013",
            "video_caption": "📍Gimmelwald,Switzerland 🏡🌿🦜 #berneroberland #switzerland #mountains #schweiz #swissalps #myswitzerland #nature #inlovewithswitzerland #hiking #swiss #alps #wanderlust #visitswitzerland #travel #jungfrauregion #suisse #landscape #reels #naturephotography #relaxing #grindelwald #lauterbrunnen #interlaken #lake #switzerlandpictures #swissmountains #switzerlandwonderland #switzerland_vacations #photography #birdsong",
            "author_username": "switzerland_explores"
        },
        {
            "video_url": "https://www.tiktok.com/@girlwithapassport/video/7330361497249516842",
            "video_caption": "Were you treated this way in Morocco?  • • • #moroco #marrakech #solotravel #travel #carribean #cruise  #solotraveler #solofemaletraveler #solotrips #travellife #backpacking #fulltimetravel #americanabroad #americantraveler #travelhacks #budgettravel #travelguide #hostellife #travelreels #travelblogger #traveladdicted #travelmore #wanderlust #foodie #explore #city #travelblogger #digitalnomad #contentcreator #itinerary ",
            "author_username": "girlwithapassport"
        },
        {
            "video_url": "https://www.tiktok.com/@lisaabue/video/7388045469328444705",
            "video_caption": "Miss this place 💭🏝️ #dominicanrepublic #samana #lasterrenas #playabonita #domrep #carribean #paradise #wanderlust #palmtrees #palmtree #oceanlife #beach #beachvibes ",
            "author_username": "lisaabue"
        },
        {
            "video_url": "https://www.tiktok.com/@sembalunlombok/video/7199666207736352026",
            "video_caption": "Rinjani Bertopi lagi 🥰🥰🥰🥰 #foryoupage #fyp #r #rinjani #lombok #indonesiakaya #diindonesiasaja  #sembalun #tiktoktravel #wanderlust #travel #fsanguilla #travelcouple #luxurytravel #aestheticvibes #ExploreLombok #sembalunlombok #GunungRinjani #RinjaniMountain ",
            "author_username": "sembalunlombok"
        },
        {
            "video_url": "https://www.tiktok.com/@digital_zoo/video/7193304714526739755",
            "video_caption": "Petra, Jordan  #petra #jordan #travel #petrajordan #visitjordan #travelphotography #jordania #wadirum #amman #desert #travelgram #giordania #wanderlust #instatravel #photography #ubaya #love #travelblogger #shareyourjordan #cerveja #unair #middleeast #ig #visitpetra #traveljordan #deadsea #jordanie #photooftheday #unesa #its",
            "author_username": "digital_zoo"
        },
        {
            "video_url": "https://www.tiktok.com/@mddyelrck/video/7237675316620168454",
            "video_caption": "Here is another video of the candle ice since everyone loved it so much #travel #foryou #nature #wanderlust #mountains #hiking #canada #banff #alberta #morainelake #canoe #ice #candleice #candlestickice #peaks ",
            "author_username": "mddyelrck"
        },
        {
            "video_url": "https://www.tiktok.com/@skiimage/video/7416647439370816801",
            "video_caption": "When life feels like a dream, part II 📍 Old Town, Prague, Czech Republic #Foryou #FYP #Viral #Aesthetic #Cinematic #DreamyVibes #TravelGoals #Snowfall #WinterVibes #TravelInspiration #BeautifulDestinations #ExploreTheWorld #Vibes #CityScape #Wanderlust #TravelVideo #Visuals #Prague #CzechRepublic #dreamy",
            "author_username": "skiimage"
        },
        {
            "video_url": "https://www.tiktok.com/@romania/video/7351152175386578209",
            "video_caption": "Could you do it? 90 years old and still making the youngsters look like amateurs. In a tucked-away corner of Romania, where time seemed to have frozen in a poignant dance with tradition, I stumbled upon a living testament to the indomitable spirit of life. A grandma, a matriarch in the heart of her village, carving poetry with a scythe in her “batatura,” the courtyard that cradled generations of stories. This wasn’t just about cutting grass; it was an ode to survival etched in every swing of the weathered scythe. An elderly woman, a silhouette against the backdrop of rolling hills and rustic charm, maneuvering a tool almost as ancient as her. The rhythmic cadence of the blade carving through the grass sang a ballad of resilience that transcended the boundaries of time. It was as if the scythe itself held the secrets of a thousand lifetimes, whispered through the hands of those who had faced hardship head-on. In the heart of Romanian villages, where the air is heavy with the tales of survival and shared history, the elders cultivate more than just crops. Our grandma, with her face etched in lines of laughter and wisdom, was a guardian of a fading dialect – the language of resilience, of grit. The scythe, a silent protagonist in this tale, became a bridge connecting the elderly to the present, a tool passed down like an heirloom, carrying the weight of memories in its worn blade.  As she honed that blade with a special stone and cleaned it with freshly cut grass, it wasn’t just about maintaining a tool; it was a ritual, a communion with a way of life that had weathered storms and stood resilient against the test of time. Video by @smulteamiron [Visit Romania, Explore Romania, Old village woman, Scythe, Grass cutting, Yard work, Stone sharpening, Traditional tools, Rural life, Agricultural tasks, Manual labor, Homestead, Elderly woman, Handcrafted tools, Grass maintenance, Sharpening stone, Village lifestyle, Sustenance farming, Outdoor chores, Time-honored practices, Rural community, Harvesting traditions] #Travel #InstaTravel #TravelGram #Wanderlust #Traveling #romania",
            "author_username": "romania"
        },
        {
            "video_url": "https://www.tiktok.com/@witchynanners.adventures/video/7221401421961415982",
            "video_caption": "It’s La Push baby ✨🌧️🏔️🌲🍂🌊✨ #pnw #pnwlife #pnwonderland #pnwadventures #pnwcheck #pnwgirl #pnwcoast #lapush #naturelover #washingtonexplored #adventuretime #wanderlust #witchynanners #fyp ",
            "author_username": "witchynanners.adventures"
        },
        {
            "video_url": "https://www.tiktok.com/@cam.xtt/video/7388861279454186784",
            "video_caption": "Europe's Biggest Waterfall 🇨🇭 . . . . . . . . . #schaffhausen #rheinfall #schweiz #nature #wasserfall #waterfall #switzerland #aesthetic #foryou #view #bucketlist #adventure #getaway #travelinspiration #traveltips #travel #vacation #traveltiktok #view #travel #fyp #viaje #suiza #cascadas  #explore #wanderlust #🇨🇭#summer #germany #viral #viralvideo #hiking",
            "author_username": "cam.xtt"
        },
        {
            "video_url": "https://www.tiktok.com/@yuan22ce/video/7416419980540906769",
            "video_caption": "Parang ibang radio station ata napakinggan ko ah. 😅✌🏻 #yuanventures #mapanuepelake #camping #wanderlust ",
            "author_username": "yuan22ce"
        },
        {
            "video_url": "https://www.tiktok.com/@_gallivant_with_us/video/7357069456306212128",
            "video_caption": "📍Bridgetown, Barbados 🇧🇧  #horses #beach #rainbow #sunrise #travel  #traveltiktok #wanderlust #holiday",
            "author_username": "_gallivant_with_us"
        },
        {
            "video_url": "https://www.tiktok.com/@paulgregnueve/video/7407656297744600340",
            "video_caption": "Laban mga ate and kuya ko, for the trend and for the tiktok 😂❤️  #fyp #Taipei101 #Taiwan #Skyscraper #Cityscape #Taipei #TravelTaiwan #IconicLandmark #ExploreTaiwan #Wanderlust #TravelAsia ",
            "author_username": "paulgregnueve"
        },
        {
            "video_url": "https://www.tiktok.com/@mike_p____/video/7400762043940244742",
            "video_caption": "📍Seealpsee, Switzerland 🇨🇭  • • 🎥:pereganya_mike • • •  #switzerland #explore #photography #mountains #nature #outdoors #hiking #backpacking #iphone #fyp#adventure #travel #gorpcore #explorepage #foryou #switzerland #mountains #schweiz #swissalps #myswitzerland #nature #inlovewithswitzerland #hiking #swiss #alps#wanderlust #visitswitzerland #travel #jungfrauregion#suisse #landscape #reels #goodmorning",
            "author_username": "mike_p____"
        },
        {
            "video_url": "https://www.tiktok.com/@letsgetlosttravels/video/7306958537580645664",
            "video_caption": "🤞🏻🤞🏻🇧🇷 #brazil #manifestandobrasil #brazil🇧🇷 #brasil🇧🇷 #bucketlisttravel #bucketlist2024 #traveltiktok #traveltok #wanderlust #traveladdict #travelbucketlist #traveltips #riodejaneiro #riodejaneirobrasil ",
            "author_username": "letsgetlosttravels"
        },
        {
            "video_url": "https://www.tiktok.com/@viagememdosedupla/video/7271426912382209286",
            "video_caption": "FRUTINHA DO CEDRIC NA ÁREA 🤤🚨🔔 Você aí de casa, gosta de comer amora ?  #viagem #turismo #travel #viajar #trip #ferias #natureza #viajarfazbem #viagens #amoviajar #nature #viagemeturismo #instatravel  #tbt #love #fotografia #instagood #turistando #travelgram #travelphotography #viagemdossonhos  #aventura #viajando #wanderlust #photooftheday  #europa #paris #londres #madrid #cedricgrolet ",
            "author_username": "viagememdosedupla"
        },
        {
            "video_url": "https://www.tiktok.com/@plasticgymrat/video/7343716934208277802",
            "video_caption": "I was actually not expecting him to do all that so i was clueless what to do 🤣 Jun from ARCEO Travel & Tours MADE my day 🥹 #Philippines #TourGuide #FilipinoTourGuides #Palawan #CoronPalawan #ElNido #IslandHopping #Travel #Wanderlust #TravelBlog #Comedy #Funny #Viral ",
            "author_username": "plasticgymrat"
        },
        {
            "video_url": "https://www.tiktok.com/@girlwithapassport/video/7386445410291715358",
            "video_caption": "Most of the time, people are respectful and kind, but there are moments when others pull me around and touch me without asking. I understand it comes from excitement, but it’s exhausting always feeling like an outsider and having to demand basic respect. 😩 • • • #solotravel #travel #asia #southeastasia #vietnam  #solotraveler #solofemaletraveler #blackinvietnam  #travellife #backpacking #fulltimetravel #americanabroad #americantraveler #travelhacks #budgettravel #travelguide #hostellife #travelreels #foodtravel #traveladdicted #travelmore #wanderlust #foodie #explore #city #travelblogger #digitalnomad #contentcreator #itinerary",
            "author_username": "girlwithapassport"
        },
        {
            "video_url": "https://www.tiktok.com/@swisswoow/video/7361777199805975841",
            "video_caption": "‪Switzerland in 2023 🌿🌱 Follow for daily Swiss Content🇨🇭 📌 Save this for your (next) trip to Switzerland 🇨🇭 🎥 by: @swisswoow  #berneroberland #switzerland #mountains #schweiz #swissalps #myswitzerland #nature #inlovewithswitzerland #gimmelwald #swiss #alps #wanderlust #visitswitzerland #travel #jungfrauregion #suisse #landscape #summer #jungfrauregion #naturephotography #blickheimat #grindelwald #lauterbrunnen #interlaken #winterwonderland #switzerlandpictures #swissmountains #switzerlandwonderland #winter #photography #appenzell",
            "author_username": "swisswoow"
        },
        {
            "video_url": "https://www.tiktok.com/@b0rn2travel/video/7359048259538570501",
            "video_caption": "Hermoso!!  #parati #viaje #viajes #landscape #peru #wanderlust ",
            "author_username": "b0rn2travel"
        },
        {
            "video_url": "https://www.tiktok.com/@blancaperezt/video/7295614796978785569",
            "video_caption": "my house in Australia is a zoo 🫠🎪🎟️🦃🐓🦘🦀🐜🪳🦟🦗🪲🪰🕷️🦉🦉🐦‍⬛🦆🦦🦫🦡🐀🦨🐁🦥🦝🦜🦩🕊️🦎🐍🐢 #backpackingaustralia #australia #travelaustralia #seeaustralia #travel #australiagram #backpacking #exploreaustralia #wanderlust #adventure #backpackinglife #backpackingadventures #backpacker #travelphotography #backpackingeurope #backpackingasia #travelaus #travelgram #backpackaustralia #discoveraustralia #thisisaustralia #backpackingdream #queensland #backpackingtrip #roadtrip #australianadventure #visitaustralia #backpackeraustralia #toursaustralia #takemetoaustralia ",
            "author_username": "blancaperezt"
        },
        {
            "video_url": "https://www.tiktok.com/@winedinenashville/video/7376076233240481066",
            "video_caption": "What am I missing?! #ireland #dublin #dublinireland #cultureshock #cultureshocks #travel #traveltok #travellife #travelbucketlist #wanderlust #eurotrip #europeansummer #irelandtravel ",
            "author_username": "winedinenashville"
        },
        {
            "video_url": "https://www.tiktok.com/@nyi.zola/video/7394915756955290913",
            "video_caption": "Faut arrêter la Blacksherry la🤣#zola #manger #nyizola #binkszola #zolabeille #showcase #wanderlust ",
            "author_username": "nyi.zola"
        },
        {
            "video_url": "https://www.tiktok.com/@travelmode.bh/video/7220577970040098049",
            "video_caption": "‎📍 جمال الريف في قرية يوري - سويسرا 🇨🇭 Taken by 🎥 @marcoxmarques  #انترلاكن ، #سويسرا #الصيف  #الخريف  #سفر #رحلات #سياحة #طبيعة  ‏#travel #travelphotography #tiktok #travelphotography #blausee #bern #wasserfall #waterfall #switzerland #schweiz #nature #rheinfall #naturephotography #wasser #landscape #natur #water #travel #mountains #swiss #photography #suisse #schaffhausen #wandern #photooftheday #hiking #naturelovers #visitswitzerland #landscapephotography #myswitzerland #wanderlust #berge #rhein #river #berneroberland #inlovewithswitzerland ",
            "author_username": "travelmode.bh"
        },
        {
            "video_url": "https://www.tiktok.com/@mike_p____/video/7402212738715389190",
            "video_caption": "📍Oeschinensee, Switzerland 🇨🇭  • • 🎥:pereganya_mike • • •  #switzerland #explore #photography #mountains #nature #outdoors #hiking #backpacking #iphone #fyp#adventure #travel #gorpcore #explorepage #foryou #switzerland #mountains #schweiz #swissalps #myswitzerland #nature #inlovewithswitzerland #hiking #swiss #alps#wanderlust #visitswitzerland #travel #jungfrauregion#suisse #landscape #reels ",
            "author_username": "mike_p____"
        },
        {
            "video_url": "https://www.tiktok.com/@duetfriday/video/7208303819967483142",
            "video_caption": "Trevi Fountain cleaning. #rome #trevifountain #trevifountainrome #rometrevifountain #trevifountainproposal #trevifountain🇮🇹 #trevifountainrome🇮🇹 #trevi #fontanaditrevi #romefountain #rometravel #romephotographer #romevideos #romanholiday #italytravel #romantis #italytiktok #romewedding #romeweddingphotographer #fontanaditrevi #rometiktok #romacentro #romehistory #exploreitaly #wanderlust #italianplaces #travelplan ",
            "author_username": "duetfriday"
        },
        {
            "video_url": "https://www.tiktok.com/@switzerland_explores/video/7294216065775668486",
            "video_caption": "• 📍Switzerland🇨🇭🏡☘️❤️ #berneroberland #switzerland #mountains #schweiz #swissalps #myswitzerland #nature #inlovewithswitzerland #hiking #swiss #alps #wanderlust #visitswitzerland #travel #jungfrauregion #suisse #landscape  #thunersee #naturephotography #relaxing #arindelwald #lauterbrunnen #interlaken #lake #switzerlandpictures #swissmountains #switzerlandwonderland #switzerland_vacations #potography",
            "author_username": "switzerland_explores"
        },
        {
            "video_url": "https://www.tiktok.com/@travel_connoisseur/video/7314508803859418400",
            "video_caption": "Farsha cafe📍 - - #farsha #farshacafe #sharmelsheikh #naamabay #sohosquare #sharmelsheik #sharmelsheik2024 #sharm #sharmelsheikhhotel #fyp #travel #explore #wanderlust #wanderer #wander #wanderergenshinimpact #traveltiktok #travellife #traveltips #bucketlist #travelbucketlist #travelvlog #traveldiaries #travelmiddleeast  #CapCut ",
            "author_username": "travel_connoisseur"
        },
        {
            "video_url": "https://www.tiktok.com/@rcdhugo/video/7343102027947445537",
            "video_caption": "📍Two People Bay, Australia 🇦🇺  #travel #nature #travelphotography #photography #love #photooftheday #instagood #travelgram #picoftheday #instagram #beautiful #photo #wanderlust #naturephotography #adventure #art #travelblogger #instatravel #landscape #like #summer #explore #trip #vacation #follow #traveling #ig #bhfyp #happy #fashion #travelling #beach #sunset #photographer #holiday #style #instadaily #traveltheworld  #mountains #life #lifestyle #italy #sea #beauty #model #tourism #likeforlikes #traveler #europe #architecture #sky #smile #instalike #me #traveller  #naturelovers #a #landscapephotography #pourtoi #australia ",
            "author_username": "rcdhugo"
        },
        {
            "video_url": "https://www.tiktok.com/@geneefur/video/7351880077174459691",
            "video_caption": "Nor do they have passports. Bye, stinks  @k.hipp #icks #exboyfriend #idgaf #boybye #lmaoooo #embarassing #girlhood #bestie #wanderlust #travelgirl #traveler ",
            "author_username": "geneefur"
        },
        {
            "video_url": "https://www.tiktok.com/@switzerland_explores/video/7266896486342987013",
            "video_caption": "📍Gimmelwald,Switzerland 🏡🌿🦜 #berneroberland #switzerland #mountains #schweiz #swissalps #myswitzerland #nature #inlovewithswitzerland #hiking #swiss #alps #wanderlust #visitswitzerland #travel #jungfrauregion #suisse #landscape #reels #naturephotography #relaxing #grindelwald #lauterbrunnen #interlaken #lake #switzerlandpictures #swissmountains #switzerlandwonderland #switzerland_vacations #photography #birdsong",
            "author_username": "switzerland_explores"
        },
        {
            "video_url": "https://www.tiktok.com/@girlwithapassport/video/7330361497249516842",
            "video_caption": "Were you treated this way in Morocco?  • • • #moroco #marrakech #solotravel #travel #carribean #cruise  #solotraveler #solofemaletraveler #solotrips #travellife #backpacking #fulltimetravel #americanabroad #americantraveler #travelhacks #budgettravel #travelguide #hostellife #travelreels #travelblogger #traveladdicted #travelmore #wanderlust #foodie #explore #city #travelblogger #digitalnomad #contentcreator #itinerary ",
            "author_username": "girlwithapassport"
        },
        {
            "video_url": "https://www.tiktok.com/@lisaabue/video/7388045469328444705",
            "video_caption": "Miss this place 💭🏝️ #dominicanrepublic #samana #lasterrenas #playabonita #domrep #carribean #paradise #wanderlust #palmtrees #palmtree #oceanlife #beach #beachvibes ",
            "author_username": "lisaabue"
        },
        {
            "video_url": "https://www.tiktok.com/@svemirkas_reise/video/7204493860595076357",
            "video_caption": "Was für ein Hit! Ich bin sprachlos und danke euch vom ganzen ❤️ für eure Likes, Kommentare und dafür dass ihr mir folgt und mich dabei unterstützt einfach weiterzumachen 😘❤️  🦈🦈🦈🙈 #novamaldives #malediven #travel #maldives #travelgram #wanderlust #maldivesislands #urlaub #beautifuldestinations #beachlife #visitmaldives #maldivesresorts #luxuryblogger #svemirka #reisezeit #reise #luxurytravel #svemirkas_reisezeit #beach #paradise #holiday #мальдивы #traveller #landscape #goodmorning #poolvilla #hai #sharkfeeding #shark #sharkattack #UrlaubVideos #Urlaubsziele @Visit Maldives ",
            "author_username": "svemirkas_reise"
        },
        {
            "video_url": "https://www.tiktok.com/@romania/video/7407890576881847585",
            "video_caption": "Have you ever seen this before? Wander deep into the untamed heart of the Carpathian wilderness, where the air pulses with the primal vibes of a true king—meet cerbul, the stag. This beast, a living emblem of unbridled beauty, roams Romania’s wild landscapes, casting an ancient spell on those who dare to step into its kingdom. Picture the stag, a majestic silhouette against the backdrop of lush undergrowth, its antlers soaring into the heavens. It moves with the swagger of a guardian of the wild, a noble entity that demands respect with every elegant stride. Witness the spectacle as it sheds and regrows its antlers—a natural show that echoes the rhythmic pulse of these ageless forests. As this majestic creature traverses the rugged terrain, it carries more than just its imposing physicality. It’s a living legend, woven into the very soul of Romania through tales and folklore. The stag isn’t just a symbol of the wild; it embodies resilience, strength, and the delicate interplay between humanity and the wild unknown. Encounters with the cerb forge a connection to the primal spirit of the Carpathian wilderness—a symphony where history’s echoes harmonize with nature’s unyielding grace, creating a rhythm that resonates with every beat of the heart. How would you articulate the essence of the stag? Video by @andreas.jon [Visit Romania, Explore Romania, Cerb Carpatin, Romanian wildlife, Carpathian Red Deer, Wildlife observation, Nature in Romania, Fauna of Romania, Wild animals in Romania, Romanian national parks, Animal spotting in Romania, Natural habitats in Romania, Carpathian Mountains wildlife, Romania’s biodiversity, Red Deer species, Wildlife photography in Romania, Conservation efforts in Romania, Endangered species in Romania, Observing Carpathian wildlife, Wildlife tours in Romania, Roaming Carpathian Red Deer] #Travel #InstaTravel #TravelGram #Wanderlust #Traveling #romania",
            "author_username": "romania"
        },
        {
            "video_url": "https://www.tiktok.com/@angiegrazziel/video/7236262878498540805",
            "video_caption": "El show de ping pong tailandes #fyp #foryoupage #wanderlust #tailandia🇹🇭 #traveltok #chismecito #viral #asia #foryou #travel #storytime ",
            "author_username": "angiegrazziel"
        },
        {
            "video_url": "https://www.tiktok.com/@svemirkas_reise/video/7204493860595076357",
            "video_caption": "Was für ein Hit! Ich bin sprachlos und danke euch vom ganzen ❤️ für eure Likes, Kommentare und dafür dass ihr mir folgt und mich dabei unterstützt einfach weiterzumachen 😘❤️  🦈🦈🦈🙈 #novamaldives #malediven #travel #maldives #travelgram #wanderlust #maldivesislands #urlaub #beautifuldestinations #beachlife #visitmaldives #maldivesresorts #luxuryblogger #svemirka #reisezeit #reise #luxurytravel #svemirkas_reisezeit #beach #paradise #holiday #мальдивы #traveller #landscape #goodmorning #poolvilla #hai #sharkfeeding #shark #sharkattack #UrlaubVideos #Urlaubsziele @Visit Maldives ",
            "author_username": "svemirkas_reise"
        },
        {
            "video_url": "https://www.tiktok.com/@romania/video/7407890576881847585",
            "video_caption": "Have you ever seen this before? Wander deep into the untamed heart of the Carpathian wilderness, where the air pulses with the primal vibes of a true king—meet cerbul, the stag. This beast, a living emblem of unbridled beauty, roams Romania’s wild landscapes, casting an ancient spell on those who dare to step into its kingdom. Picture the stag, a majestic silhouette against the backdrop of lush undergrowth, its antlers soaring into the heavens. It moves with the swagger of a guardian of the wild, a noble entity that demands respect with every elegant stride. Witness the spectacle as it sheds and regrows its antlers—a natural show that echoes the rhythmic pulse of these ageless forests. As this majestic creature traverses the rugged terrain, it carries more than just its imposing physicality. It’s a living legend, woven into the very soul of Romania through tales and folklore. The stag isn’t just a symbol of the wild; it embodies resilience, strength, and the delicate interplay between humanity and the wild unknown. Encounters with the cerb forge a connection to the primal spirit of the Carpathian wilderness—a symphony where history’s echoes harmonize with nature’s unyielding grace, creating a rhythm that resonates with every beat of the heart. How would you articulate the essence of the stag? Video by @andreas.jon [Visit Romania, Explore Romania, Cerb Carpatin, Romanian wildlife, Carpathian Red Deer, Wildlife observation, Nature in Romania, Fauna of Romania, Wild animals in Romania, Romanian national parks, Animal spotting in Romania, Natural habitats in Romania, Carpathian Mountains wildlife, Romania’s biodiversity, Red Deer species, Wildlife photography in Romania, Conservation efforts in Romania, Endangered species in Romania, Observing Carpathian wildlife, Wildlife tours in Romania, Roaming Carpathian Red Deer] #Travel #InstaTravel #TravelGram #Wanderlust #Traveling #romania",
            "author_username": "romania"
        },
        {
            "video_url": "https://www.tiktok.com/@angiegrazziel/video/7236262878498540805",
            "video_caption": "El show de ping pong tailandes #fyp #foryoupage #wanderlust #tailandia🇹🇭 #traveltok #chismecito #viral #asia #foryou #travel #storytime ",
            "author_username": "angiegrazziel"
        }
    ]
}